{"weights":[0.014053228958747563,-0.022980082050703992,0.034373468738367274,0.018726992964435453,0.031834029295746004,0.04712131078161822,0.041720004059563866,0.03910128554050803,0.0246894869178371,0.03164928151025655,0.02989380708802089,0.020094938929404622,0.0325792825587155,0.026916699681999612,0.018589043097746907,-0.018029720934740485,-0.0504287025337505,-0.005540736257774365,-0.04880308796482992,0.06792696333840417,0.02663823456103154,0.02912689558316322,0,0,0.015249458921258861,0.021728343711700862,0.03554300599614851,-0.06521237438239591,-0.022151922334870237,0.05865695977210309,0,0,0,0],"bias":0.03490474776738361}