{"weights":[0.0063037516491599044,-0.004550291087083753,-0.007401812193269909,0.00794449618097756,0.008466485239725392,0.013176501690492178,0.011791790166878608,0.015292028960152798,0.006481207857470934,0.00948645209792653,0.011119619482219387,0.008509188736593306,0.008841728772567193,0.00728395229178719,0.009443411589450295,0.014454696076703645,-0.014691863874445014,0.022728293475488062,0.010741190628190097,0.01583287279282195,0.0070141406024189215,0.004972603298532908,0,0.002576703314244554,0.010307044021382076,0.001864465802755479,0.004835547195208421,-0.017456046155547123,0.0071003174765762395,0,0,0,0,0],"bias":0.0071003174765762395}